,toy_phones,Toy_prices,Toy_offers
0,VBE Kids My First Touch Screen Mobile with Light and So...,"<div class=""_30jeq3"">₹299</div>",<span>40% off</span>
1,Toyporium Musical little mobile phone toy for kids with...,"<div class=""_30jeq3"">₹255</div>",<span>48% off</span>
2,3 Jokers musical learning mobile phone toy for kids,"<div class=""_30jeq3"">₹154</div>",<span>69% off</span>
3,VBE Kids My First Touch Screen Mobile with Light and So...,"<div class=""_30jeq3"">₹330</div>",<span>39% off</span>
4,"mahakal Funny Flip Mobile Phone for Kids, Early Educati...","<div class=""_30jeq3"">₹299</div>",<span>70% off</span>
5,AVP Musical Little Mobile Phone Toy for Kids,"<div class=""_30jeq3"">₹263</div>",<span>73% off</span>
6,khel khilona Musical Mobile Phone Toy with Colorful Lig...,"<div class=""_30jeq3"">₹298</div>",<span>40% off</span>
7,Pepino 3d light Musical phone Learning Mobile Phone Toy...,"<div class=""_30jeq3"">₹419</div>",<span>47% off</span>
8,VBE Kids My First Touch Screen Mobile with Light and So...,"<div class=""_30jeq3"">₹350</div>",<span>36% off</span>
9,My Shoppermart Kids Musical Mobile Phone with Light and...,"<div class=""_30jeq3"">₹448</div>",<span>62% off</span>
10,Pepino Kids Musical Mobile Phone for Boys and Girls Bab...,"<div class=""_30jeq3"">₹419</div>",<span>58% off</span>
11,APROAZIZ Telephone Toy for Kids-Musical Toys-Led Light ...,"<div class=""_30jeq3"">₹299</div>",<span>40% off</span>
12,APROAZIZ Telephone Musical Toy for Kids - Led Light Fla...,"<div class=""_30jeq3"">₹299</div>",<span>40% off</span>
13,Dherik Tradworld Kids Toys Digital Mobile Phone with To...,"<div class=""_30jeq3"">₹379</div>",<span>62% off</span>
14,Pepino Multicolor Musical Mobile Phone Musical with Ima...,"<div class=""_30jeq3"">₹419</div>",<span>58% off</span>
15,VBE Kids My First Touch Screen Mobile with Light and So...,"<div class=""_30jeq3"">₹350</div>",<span>29% off</span>
16,Pepino Learner Study System Mobile Phone With Eight Pro...,"<div class=""_30jeq3"">₹419</div>",<span>47% off</span>
17,Pepino Baby Musical toy Mobile Phone with Image Project...,"<div class=""_30jeq3"">₹419</div>",<span>58% off</span>
18,Pepino Kids Musical Mobile Phone with Image Projection ...,"<div class=""_30jeq3"">₹419</div>",<span>58% off</span>
19,KNAFS Musical Mobile Phone Kids Light & Sound Toy Batte...,"<div class=""_30jeq3"">₹349</div>",<span>17% off</span>
20,Pepino Musical Mobile Phone with Image Projection | Att...,"<div class=""_30jeq3"">₹419</div>",<span>58% off</span>
21,Pepino Mobile Phone Musical for Boys and Girls Baby Mus...,"<div class=""_30jeq3"">₹419</div>",<span>58% off</span>
22,Pepino Children for Learner Musical phone For Kids. Lea...,"<div class=""_30jeq3"">₹419</div>",<span>47% off</span>
23,VBE Kids My First Touch Screen Mobile with Light and So...,"<div class=""_30jeq3"">₹350</div>",<span>41% off</span>
24,Galactic New Rabbit Phone Smart Phone Cordless Feature ...,"<div class=""_30jeq3"">₹448</div>",<span>10% off</span>
25,SVE Musical Cordless Mobile Phone With Light and Sound ...,"<div class=""_30jeq3"">₹238</div>",<span>73% off</span>
26,Pepino Picture Musical phone For Kids. Learning Mobile ...,"<div class=""_30jeq3"">₹419</div>",<span>53% off</span>
27,Pepino Learner Mobile Musical Phone for Toddlers Attrac...,"<div class=""_30jeq3"">₹419</div>",<span>58% off</span>
28,Pepino Mobile phone with Projection Picture For Kids. L...,"<div class=""_30jeq3"">₹419</div>",<span>47% off</span>
29,Pepino Projection Picture Musical phone For Kids. Learn...,"<div class=""_30jeq3"">₹419</div>",<span>50% off</span>
30,BONGERKING Rabbit Smart Phone Cordless Feature Mobile P...,"<div class=""_30jeq3"">₹309</div>",<span>48% off</span>
31,JIGU ENTERPRISE Smart Phone Cordless Feature Mobile Pho...,"<div class=""_30jeq3"">₹399</div>",<span>33% off</span>
32,Pepino Learner Musical phone For Kids. Learning Mobile ...,"<div class=""_30jeq3"">₹419</div>",<span>47% off</span>
33,Pepino Pep Musical Musical Mobile Phone with Image Proj...,"<div class=""_30jeq3"">₹419</div>",<span>58% off</span>
34,Pepino Toy kids Musical phone For Kids. Learning Mobile...,"<div class=""_30jeq3"">₹419</div>",<span>47% off</span>
35,Aarav Enterprise Smart Phone Cordless Feature Mobile Ph...,"<div class=""_30jeq3"">₹345</div>",<span>56% off</span>
36,APROAZIZ Telephone Musical Toy for Kids - Led Light Fla...,"<div class=""_30jeq3"">₹299</div>",<span>40% off</span>
37,Toyporium Learning Mobile Phone Toy for Kids with Image...,"<div class=""_30jeq3"">₹360</div>",<span>50% off</span>
38,Pepino Tenmar Musical Mobile Phone Toy for Kids with Im...,"<div class=""_30jeq3"">₹419</div>",<span>58% off</span>
39,ExaltedCollection Learning Mobile Phone With Projector ...,"<div class=""_30jeq3"">₹384</div>",<span>35% off</span>
